{"blocks":[{"position":[-0.04999997839331627,0.049999307841062546,0.0499999038875103],"rotation":[0.0,0.0,0.0],"type":"HSP_Pancarte06"}],"childs":null}