{"blocks":[{"position":[0.00024869153276085854,0.02563994564116001,0.039400093257427216],"rotation":[0.0,0.0,0.0],"type":"HSP_Card"}],"childs":null}