{"blocks":[{"position":[0.0,0.0,0.0],"rotation":[0.0,0.0,0.0],"type":"blocaiment"},{"position":[-0.15000000596046448,0.0,0.05000000074505806],"rotation":[0.0,0.0,0.0],"type":"Nounours"}]}