{"blocks":[{"position":[-0.021699989214539528,1.5999995470046997,0.4499998986721039],"rotation":[0.0,0.0,0.0],"type":"HSP_Pancarte06"}],"childs":null}