{"blocks":[{"position":[-0.05000000819563866,1.1257985830307007,-1.3748054504394531],"rotation":[0.0,0.0,0.0],"type":"LBR_FakeShelf"}],"childs":null}