{"blocks":[{"position":[7.450580596923828e-09,1.1257985830307007,1.3751952648162842],"rotation":[0.0,0.0,0.0],"type":"LBR_FakeShelf"}],"childs":null}