{"active":true,"color":[0.6024296283721924,0.9822221994400024,0.0,1.0],"horizontalSize":17.0,"verticalSize":15.0}