{"blocks":[{"position":[0.14999978244304657,0.04999981448054314,-0.7499997019767761],"rotation":[0.0,0.0,0.0],"type":"HSP_Metal"},{"position":[0.0999998152256012,0.04999981448054314,-0.7499997019767761],"rotation":[0.0,0.0,0.0],"type":"HSP_Metal"}],"childs":null}