{
    "lightning":
    {
        "diffuse": [1.0, 0.5, 0.31],
        "specular": [0.5, 0.5, 0.5],
        "shininess": 32.0,
        "durability": 32.0
    },
    "vertices":
    [
		-0.5, -0.5, 0.5,	0.0, 1.0,		    0.0, 0.0, 1.0,
		0.5, -0.5, 0.5,		0.166666, 1.0,		0.0, 0.0, 1.0,
		0.5, 0.5, 0.5,		0.166666, 0.0,		0.0, 0.0, 1.0,
		0.5, 0.5, 0.5,		0.166666, 0.0,		0.0, 0.0, 1.0,
		-0.5, 0.5, 0.5,		0.0, 0.0,			0.0, 0.0, 1.0,
		-0.5, -0.5, 0.5,	0.0, 1.0,		    0.0, 0.0, 1.0,

		0.5, -0.5, 0.5,		0.166666, 1.0,		1.0, 0.0, 0.0,
		0.5, -0.5, -0.5,	0.333333, 1.0,		1.0, 0.0, 0.0,
		0.5, 0.5, -0.5,		0.333333, 0.0,		1.0, 0.0, 0.0,
		0.5, 0.5, -0.5,		0.333333, 0.0,		1.0, 0.0, 0.0,
		0.5, 0.5, 0.5,		0.166666, 0.0,		1.0, 0.0, 0.0,
		0.5, -0.5, 0.5,		0.166666, 1.0,		1.0, 0.0, 0.0,

		0.5, -0.5, -0.5,	0.5, 1.0,		    0.0, 0.0, -1.0,
		-0.5, -0.5, -0.5,	0.666666, 1.0,		0.0, 0.0, -1.0,
		-0.5, 0.5, -0.5,	0.666666, 0.0,		0.0, 0.0, -1.0,
		-0.5, 0.5, -0.5,	0.666666, 0.0,		0.0, 0.0, -1.0,
		0.5, 0.5, -0.5,		0.5, 0.0,		    0.0, 0.0, -1.0,
		0.5, -0.5, -0.5,	0.5, 1.0,		    0.0, 0.0, -1.0,

		-0.5, -0.5, -0.5,	0.333333, 1.0,		-1.0, 0.0, 0.0,
		-0.5, -0.5, 0.5,	0.5, 1.0,		    -1.0, 0.0, 0.0,
		-0.5, 0.5, 0.5,		0.5, 0.0,		    -1.0, 0.0, 0.0,
		-0.5, 0.5, 0.5,		0.5, 0.0,		    -1.0, 0.0, 0.0,
		-0.5, 0.5, -0.5,	0.333333, 0.0,		-1.0, 0.0, 0.0,
		-0.5, -0.5, -0.5,	0.333333, 1.0,		-1.0, 0.0, 0.0,

		-0.5, 0.5, 0.5,		0.833333, 1.0,		0.0, 1.0, 0.0,
		0.5, 0.5, 0.5,		1.0, 1.0,		    0.0, 1.0, 0.0,
		0.5, 0.5, -0.5,		1.0, 0.0,		    0.0, 1.0, 0.0,
		0.5, 0.5, -0.5,		1.0, 0.0,		    0.0, 1.0, 0.0,
		-0.5, 0.5, -0.5,	0.833333, 0.0,		0.0, 1.0, 0.0,
		-0.5, 0.5, 0.5,		0.833333, 1.0,		0.0, 1.0, 0.0,

		-0.5, -0.5, -0.5,	0.666666, 1.0,		0.0, -1.0, 0.0,
		0.5, -0.5, -0.5,	0.833333, 1.0,		0.0, -1.0, 0.0,
		0.5, -0.5, 0.5,		0.833333, 0.0,		0.0, -1.0, 0.0,
		0.5, -0.5, 0.5,		0.833333, 0.0,		0.0, -1.0, 0.0,
		-0.5, -0.5, 0.5,	0.666666, 0.0,		0.0, -1.0, 0.0,
		-0.5, -0.5, -0.5,	0.666666, 1.0,		0.0, -1.0, 0.0
    ]
}